[
{
    "pk": 7, 
    "model": "data_manager.toc", 
    "fields": {
        "themes": [
            27, 
            32, 
            31, 
            30, 
            28, 
            29
        ], 
        "name": "CROP"
    }
},
{
    "pk": 27, 
    "model": "data_manager.toctheme", 
    "fields": {
        "layers": [
            371, 
            372, 
            373, 
            374, 
            375, 
            380, 
            381, 
            382, 
            383, 
            385, 
            359, 
            360
        ], 
        "display_name": "Administrative & Regulatory", 
        "name": "administrative", 
        "description": ""
    }
},
{
    "pk": 28, 
    "model": "data_manager.toctheme", 
    "fields": {
        "layers": [
            364, 
            365, 
            368, 
            353, 
            367
        ], 
        "display_name": "Coastal Critical Infrastructure", 
        "name": "infrastructure", 
        "description": ""
    }
},
{
    "pk": 29, 
    "model": "data_manager.toctheme", 
    "fields": {
        "layers": [
            366
        ], 
        "display_name": "Marine Life", 
        "name": "marine-life", 
        "description": ""
    }
},
{
    "pk": 30, 
    "model": "data_manager.toctheme", 
    "fields": {
        "layers": [
            369, 
            370, 
            362, 
            361
        ], 
        "display_name": "Maritime", 
        "name": "maritime", 
        "description": ""
    }
},
{
    "pk": 31, 
    "model": "data_manager.toctheme", 
    "fields": {
        "layers": [], 
        "display_name": "Tourism & Recreation", 
        "name": "tourism", 
        "description": ""
    }
},
{
    "pk": 32, 
    "model": "data_manager.toctheme", 
    "fields": {
        "layers": [
            384
        ], 
        "display_name": "Oceanographic Information", 
        "name": "oceanographic", 
        "description": ""
    }
},
{
    "pk": 353, 
    "model": "data_manager.layer", 
    "fields": {
        "layer_type": "Vector", 
        "themes": [], 
        "is_sublayer": false, 
        "compress_display": false, 
        "map_tiles": "", 
        "legend_subtitle": "", 
        "filterable": false, 
        "vector_graphic": "/media/crop/icons/hotel.png", 
        "kml": "", 
        "source": "", 
        "lookup_table": [], 
        "proj": "", 
        "utfurl": "", 
        "data_download": "", 
        "metadata": "", 
        "opacity": 0.8, 
        "vector_color": "", 
        "attribute_event": "click", 
        "description": "", 
        "toc_themes": [
            28
        ], 
        "attribute_fields": [], 
        "vector_fill": null, 
        "data_overview": "", 
        "slug_name": "puerto-rico-hotels", 
        "summarize_to_grid": false, 
        "lookup_field": "", 
        "legend": "/media/crop/legends/PRHotels.png", 
        "shareable_url": true, 
        "data_source": "", 
        "data_notes": "", 
        "name": "Puerto Rico Hotels", 
        "sublayers": [], 
        "url": "/media/crop/geojson/pr_inf_hotels_2012.json", 
        "proxy_url": false, 
        "arcgis_layers": "", 
        "bookmark": "", 
        "legend_title": "", 
        "attribute_title": "", 
        "utfjsonp": false, 
        "wms_slug": ""
    }
},
{
    "pk": 354, 
    "model": "data_manager.layer", 
    "fields": {
        "layer_type": "ArcRest", 
        "themes": [], 
        "is_sublayer": true, 
        "compress_display": false, 
        "map_tiles": "", 
        "legend_subtitle": "", 
        "filterable": false, 
        "vector_graphic": "", 
        "kml": "", 
        "source": "", 
        "lookup_table": [], 
        "proj": "", 
        "utfurl": "", 
        "data_download": "", 
        "metadata": "", 
        "opacity": 1.0, 
        "vector_color": "", 
        "attribute_event": "click", 
        "description": "", 
        "toc_themes": [], 
        "attribute_fields": [], 
        "vector_fill": null, 
        "data_overview": "", 
        "slug_name": "12nm-territorial-sea", 
        "summarize_to_grid": false, 
        "lookup_field": "", 
        "legend": "", 
        "shareable_url": true, 
        "data_source": "", 
        "data_notes": "", 
        "name": "12NM Territorial Sea", 
        "sublayers": [
            371
        ], 
        "url": "http://maritimeboundaries.noaa.gov/arcgis/rest/services/MaritimeBoundaries/US_Maritime_Limits_Boundaries/MapServer/export", 
        "proxy_url": false, 
        "arcgis_layers": "1", 
        "bookmark": "", 
        "legend_title": "", 
        "attribute_title": "", 
        "utfjsonp": false, 
        "wms_slug": ""
    }
},
{
    "pk": 356, 
    "model": "data_manager.layer", 
    "fields": {
        "layer_type": "ArcRest", 
        "themes": [], 
        "is_sublayer": true, 
        "compress_display": false, 
        "map_tiles": "", 
        "legend_subtitle": "", 
        "filterable": false, 
        "vector_graphic": "", 
        "kml": "", 
        "source": "", 
        "lookup_table": [], 
        "proj": "", 
        "utfurl": "", 
        "data_download": "", 
        "metadata": "", 
        "opacity": 1.0, 
        "vector_color": "", 
        "attribute_event": "click", 
        "description": "", 
        "toc_themes": [], 
        "attribute_fields": [], 
        "vector_fill": null, 
        "data_overview": "", 
        "slug_name": "24nm-contiguous-zone", 
        "summarize_to_grid": false, 
        "lookup_field": "", 
        "legend": "", 
        "shareable_url": true, 
        "data_source": "", 
        "data_notes": "", 
        "name": "24NM Contiguous Zone", 
        "sublayers": [
            371
        ], 
        "url": "http://maritimeboundaries.noaa.gov/arcgis/rest/services/MaritimeBoundaries/US_Maritime_Limits_Boundaries/MapServer/export", 
        "proxy_url": false, 
        "arcgis_layers": "2", 
        "bookmark": "", 
        "legend_title": "", 
        "attribute_title": "", 
        "utfjsonp": false, 
        "wms_slug": ""
    }
},
{
    "pk": 357, 
    "model": "data_manager.layer", 
    "fields": {
        "layer_type": "ArcRest", 
        "themes": [], 
        "is_sublayer": true, 
        "compress_display": false, 
        "map_tiles": "", 
        "legend_subtitle": "", 
        "filterable": false, 
        "vector_graphic": "", 
        "kml": "", 
        "source": "", 
        "lookup_table": [], 
        "proj": "", 
        "utfurl": "", 
        "data_download": "", 
        "metadata": "", 
        "opacity": 1.0, 
        "vector_color": "", 
        "attribute_event": "click", 
        "description": "", 
        "toc_themes": [], 
        "attribute_fields": [], 
        "vector_fill": null, 
        "data_overview": "", 
        "slug_name": "200nm-ez-and-maritime-boundaries", 
        "summarize_to_grid": false, 
        "lookup_field": "", 
        "legend": "", 
        "shareable_url": true, 
        "data_source": "", 
        "data_notes": "", 
        "name": "200NM EZ and Maritime Boundaries", 
        "sublayers": [
            371
        ], 
        "url": "http://maritimeboundaries.noaa.gov/arcgis/rest/services/MaritimeBoundaries/US_Maritime_Limits_Boundaries/MapServer/export", 
        "proxy_url": false, 
        "arcgis_layers": "3", 
        "bookmark": "", 
        "legend_title": "", 
        "attribute_title": "", 
        "utfjsonp": false, 
        "wms_slug": ""
    }
},
{
    "pk": 359, 
    "model": "data_manager.layer", 
    "fields": {
        "layer_type": "ArcRest", 
        "themes": [], 
        "is_sublayer": false, 
        "compress_display": false, 
        "map_tiles": "", 
        "legend_subtitle": "", 
        "filterable": false, 
        "vector_graphic": "", 
        "kml": "", 
        "source": "", 
        "lookup_table": [], 
        "proj": "", 
        "utfurl": "", 
        "data_download": "", 
        "metadata": "", 
        "opacity": 0.75, 
        "vector_color": "", 
        "attribute_event": "click", 
        "description": "", 
        "toc_themes": [
            27
        ], 
        "attribute_fields": [], 
        "vector_fill": null, 
        "data_overview": "", 
        "slug_name": "mpa-inventory", 
        "summarize_to_grid": false, 
        "lookup_field": "", 
        "legend": "", 
        "shareable_url": true, 
        "data_source": "", 
        "data_notes": "", 
        "name": "MPA Inventory", 
        "sublayers": [], 
        "url": "http://egisws02.nos.noaa.gov/ArcGIS/rest/services/MPA/MPA_Inventory_MPAs_by_Fishing_Restrictions/MapServer/export", 
        "proxy_url": false, 
        "arcgis_layers": "0", 
        "bookmark": "", 
        "legend_title": "", 
        "attribute_title": "", 
        "utfjsonp": false, 
        "wms_slug": ""
    }
},
{
    "pk": 360, 
    "model": "data_manager.layer", 
    "fields": {
        "layer_type": "ArcRest", 
        "themes": [], 
        "is_sublayer": false, 
        "compress_display": false, 
        "map_tiles": "", 
        "legend_subtitle": "", 
        "filterable": false, 
        "vector_graphic": "", 
        "kml": "", 
        "source": "", 
        "lookup_table": [], 
        "proj": "", 
        "utfurl": "", 
        "data_download": "", 
        "metadata": "", 
        "opacity": 0.75, 
        "vector_color": "", 
        "attribute_event": "click", 
        "description": "", 
        "toc_themes": [
            27
        ], 
        "attribute_fields": [], 
        "vector_fill": null, 
        "data_overview": "", 
        "slug_name": "mpa-inventory-nonnmfs", 
        "summarize_to_grid": false, 
        "lookup_field": "", 
        "legend": "", 
        "shareable_url": true, 
        "data_source": "", 
        "data_notes": "", 
        "name": "MPA Inventory - nonNMFS", 
        "sublayers": [], 
        "url": "http://egisws02.nos.noaa.gov/ArcGIS/rest/services/MPA/MPAs_nonNMFS/MapServer/export", 
        "proxy_url": false, 
        "arcgis_layers": "0", 
        "bookmark": "", 
        "legend_title": "", 
        "attribute_title": "", 
        "utfjsonp": false, 
        "wms_slug": ""
    }
},
{
    "pk": 361, 
    "model": "data_manager.layer", 
    "fields": {
        "layer_type": "XYZ", 
        "themes": [], 
        "is_sublayer": false, 
        "compress_display": false, 
        "map_tiles": "", 
        "legend_subtitle": "", 
        "filterable": false, 
        "vector_graphic": "", 
        "kml": "", 
        "source": "", 
        "lookup_table": [], 
        "proj": "", 
        "utfurl": "http://util.point97.io/tiles/crop/PROutflowPoints/${z}/${x}/${y}.grid.json", 
        "data_download": "", 
        "metadata": "", 
        "opacity": 0.5, 
        "vector_color": "", 
        "attribute_event": "click", 
        "description": "", 
        "toc_themes": [
            30
        ], 
        "attribute_fields": [], 
        "vector_fill": null, 
        "data_overview": "", 
        "slug_name": "puerto-rico-sediment-discharge-locations", 
        "summarize_to_grid": false, 
        "lookup_field": "", 
        "legend": "/media/crop/legends/PROutflow.png", 
        "shareable_url": true, 
        "data_source": "", 
        "data_notes": "", 
        "name": "Puerto Rico Sediment Discharge Locations", 
        "sublayers": [], 
        "url": "http://util.point97.io/tiles/crop/PROutflowPoints/${z}/${x}/${y}.png", 
        "proxy_url": false, 
        "arcgis_layers": "", 
        "bookmark": "", 
        "legend_title": "", 
        "attribute_title": "", 
        "utfjsonp": true, 
        "wms_slug": ""
    }
},
{
    "pk": 362, 
    "model": "data_manager.layer", 
    "fields": {
        "layer_type": "XYZ", 
        "themes": [], 
        "is_sublayer": false, 
        "compress_display": false, 
        "map_tiles": "", 
        "legend_subtitle": "", 
        "filterable": false, 
        "vector_graphic": "", 
        "kml": "", 
        "source": "", 
        "lookup_table": [], 
        "proj": "", 
        "utfurl": "http://util.point97.io/tiles/crop/PRWatersheds/${z}/${x}/${y}.grid.json", 
        "data_download": "", 
        "metadata": "", 
        "opacity": 0.5, 
        "vector_color": "", 
        "attribute_event": "click", 
        "description": "", 
        "toc_themes": [
            30
        ], 
        "attribute_fields": [], 
        "vector_fill": null, 
        "data_overview": "", 
        "slug_name": "puerto-rico-watersheds", 
        "summarize_to_grid": false, 
        "lookup_field": "", 
        "legend": "/media/crop/legends/PRWatershed.png", 
        "shareable_url": true, 
        "data_source": "", 
        "data_notes": "", 
        "name": "Puerto Rico Watersheds", 
        "sublayers": [], 
        "url": "http://util.point97.io/tiles/crop/PRWatersheds/${z}/${x}/${y}.png", 
        "proxy_url": false, 
        "arcgis_layers": "", 
        "bookmark": "", 
        "legend_title": "", 
        "attribute_title": "", 
        "utfjsonp": true, 
        "wms_slug": ""
    }
},
{
    "pk": 364, 
    "model": "data_manager.layer", 
    "fields": {
        "layer_type": "XYZ", 
        "themes": [], 
        "is_sublayer": false, 
        "compress_display": false, 
        "map_tiles": "", 
        "legend_subtitle": "", 
        "filterable": false, 
        "vector_graphic": "", 
        "kml": "", 
        "source": "", 
        "lookup_table": [], 
        "proj": "", 
        "utfurl": "", 
        "data_download": "", 
        "metadata": "", 
        "opacity": 0.5, 
        "vector_color": "", 
        "attribute_event": "click", 
        "description": "", 
        "toc_themes": [
            28
        ], 
        "attribute_fields": [], 
        "vector_fill": null, 
        "data_overview": "", 
        "slug_name": "pr-roads", 
        "summarize_to_grid": false, 
        "lookup_field": "", 
        "legend": "/media/crop/legends/PRRoads.png", 
        "shareable_url": true, 
        "data_source": "", 
        "data_notes": "", 
        "name": "PR Roads", 
        "sublayers": [], 
        "url": "http://util.point97.io/tiles/crop/PRRoads/${z}/${x}/${y}.png", 
        "proxy_url": false, 
        "arcgis_layers": "", 
        "bookmark": "", 
        "legend_title": "", 
        "attribute_title": "", 
        "utfjsonp": false, 
        "wms_slug": ""
    }
},
{
    "pk": 365, 
    "model": "data_manager.layer", 
    "fields": {
        "layer_type": "Vector", 
        "themes": [], 
        "is_sublayer": false, 
        "compress_display": false, 
        "map_tiles": "", 
        "legend_subtitle": "", 
        "filterable": false, 
        "vector_graphic": "", 
        "kml": "", 
        "source": "", 
        "lookup_table": [], 
        "proj": "", 
        "utfurl": "", 
        "data_download": "", 
        "metadata": "", 
        "opacity": 0.5, 
        "vector_color": "#00B5FF", 
        "attribute_event": "click", 
        "description": "", 
        "toc_themes": [
            28
        ], 
        "attribute_fields": [], 
        "vector_fill": 0.8, 
        "data_overview": "", 
        "slug_name": "usvi-commercial-ports", 
        "summarize_to_grid": false, 
        "lookup_field": "", 
        "legend": "/media/crop/legends/USVIPorts.png", 
        "shareable_url": true, 
        "data_source": "", 
        "data_notes": "", 
        "name": "USVI Commercial Ports", 
        "sublayers": [], 
        "url": "/media/crop/geojson/usvi_inf_commercialports_2008.json", 
        "proxy_url": false, 
        "arcgis_layers": "", 
        "bookmark": "", 
        "legend_title": "", 
        "attribute_title": "", 
        "utfjsonp": false, 
        "wms_slug": ""
    }
},
{
    "pk": 366, 
    "model": "data_manager.layer", 
    "fields": {
        "layer_type": "Vector", 
        "themes": [], 
        "is_sublayer": false, 
        "compress_display": false, 
        "map_tiles": "", 
        "legend_subtitle": "", 
        "filterable": false, 
        "vector_graphic": "", 
        "kml": "", 
        "source": "", 
        "lookup_table": [], 
        "proj": "", 
        "utfurl": "", 
        "data_download": "", 
        "metadata": "", 
        "opacity": 0.5, 
        "vector_color": "#267300", 
        "attribute_event": "click", 
        "description": "", 
        "toc_themes": [
            29
        ], 
        "attribute_fields": [], 
        "vector_fill": 0.8, 
        "data_overview": "", 
        "slug_name": "usvi-mangroves", 
        "summarize_to_grid": false, 
        "lookup_field": "", 
        "legend": "/media/crop/legends/USVIMangroves.png", 
        "shareable_url": true, 
        "data_source": "", 
        "data_notes": "", 
        "name": "USVI Mangroves", 
        "sublayers": [], 
        "url": "/media/crop/geojson/usvi_mar_mangroves.json", 
        "proxy_url": false, 
        "arcgis_layers": "", 
        "bookmark": "", 
        "legend_title": "", 
        "attribute_title": "", 
        "utfjsonp": false, 
        "wms_slug": ""
    }
},
{
    "pk": 367, 
    "model": "data_manager.layer", 
    "fields": {
        "layer_type": "Vector", 
        "themes": [], 
        "is_sublayer": false, 
        "compress_display": false, 
        "map_tiles": "", 
        "legend_subtitle": "", 
        "filterable": false, 
        "vector_graphic": "/media/crop/icons/hospital.png", 
        "kml": "", 
        "source": "", 
        "lookup_table": [], 
        "proj": "", 
        "utfurl": "", 
        "data_download": "", 
        "metadata": "", 
        "opacity": 0.8, 
        "vector_color": "", 
        "attribute_event": "click", 
        "description": "", 
        "toc_themes": [
            28
        ], 
        "attribute_fields": [], 
        "vector_fill": null, 
        "data_overview": "", 
        "slug_name": "puerto-rico-hospitals", 
        "summarize_to_grid": false, 
        "lookup_field": "", 
        "legend": "/media/crop/legends/PRHospitals.png", 
        "shareable_url": true, 
        "data_source": "", 
        "data_notes": "", 
        "name": "Puerto Rico Hospitals", 
        "sublayers": [], 
        "url": "/media/crop/geojson/pr_inf_hospitals.json", 
        "proxy_url": false, 
        "arcgis_layers": "", 
        "bookmark": "", 
        "legend_title": "", 
        "attribute_title": "", 
        "utfjsonp": false, 
        "wms_slug": ""
    }
},
{
    "pk": 368, 
    "model": "data_manager.layer", 
    "fields": {
        "layer_type": "XYZ", 
        "themes": [], 
        "is_sublayer": false, 
        "compress_display": false, 
        "map_tiles": "", 
        "legend_subtitle": "", 
        "filterable": false, 
        "vector_graphic": "", 
        "kml": "", 
        "source": "", 
        "lookup_table": [], 
        "proj": "", 
        "utfurl": "", 
        "data_download": "", 
        "metadata": "", 
        "opacity": 0.5, 
        "vector_color": "", 
        "attribute_event": "click", 
        "description": "", 
        "toc_themes": [
            28
        ], 
        "attribute_fields": [], 
        "vector_fill": null, 
        "data_overview": "", 
        "slug_name": "usvi-roads", 
        "summarize_to_grid": false, 
        "lookup_field": "", 
        "legend": "/media/crop/legends/USVIRoads.png", 
        "shareable_url": true, 
        "data_source": "", 
        "data_notes": "", 
        "name": "USVI Roads", 
        "sublayers": [], 
        "url": "http://util.point97.io/tiles/crop/USVIRoads/${z}/${x}/${y}.png", 
        "proxy_url": false, 
        "arcgis_layers": "", 
        "bookmark": "", 
        "legend_title": "", 
        "attribute_title": "", 
        "utfjsonp": false, 
        "wms_slug": ""
    }
},
{
    "pk": 369, 
    "model": "data_manager.layer", 
    "fields": {
        "layer_type": "XYZ", 
        "themes": [], 
        "is_sublayer": false, 
        "compress_display": false, 
        "map_tiles": "", 
        "legend_subtitle": "", 
        "filterable": false, 
        "vector_graphic": "", 
        "kml": "", 
        "source": "", 
        "lookup_table": [], 
        "proj": "", 
        "utfurl": "http://util.point97.io/tiles/crop/USVIWatersheds/${z}/${x}/${y}.grid.json", 
        "data_download": "", 
        "metadata": "", 
        "opacity": 0.5, 
        "vector_color": "", 
        "attribute_event": "click", 
        "description": "", 
        "toc_themes": [
            30
        ], 
        "attribute_fields": [], 
        "vector_fill": null, 
        "data_overview": "", 
        "slug_name": "usvi-watersheds", 
        "summarize_to_grid": false, 
        "lookup_field": "", 
        "legend": "/media/crop/legends/USVIWatershed.png", 
        "shareable_url": true, 
        "data_source": "", 
        "data_notes": "", 
        "name": "USVI Watersheds", 
        "sublayers": [], 
        "url": "http://util.point97.io/tiles/crop/USVIWatersheds/${z}/${x}/${y}.png", 
        "proxy_url": false, 
        "arcgis_layers": "", 
        "bookmark": "", 
        "legend_title": "", 
        "attribute_title": "", 
        "utfjsonp": true, 
        "wms_slug": ""
    }
},
{
    "pk": 370, 
    "model": "data_manager.layer", 
    "fields": {
        "layer_type": "XYZ", 
        "themes": [], 
        "is_sublayer": false, 
        "compress_display": false, 
        "map_tiles": "", 
        "legend_subtitle": "", 
        "filterable": false, 
        "vector_graphic": "", 
        "kml": "", 
        "source": "", 
        "lookup_table": [], 
        "proj": "", 
        "utfurl": "http://util.point97.io/tiles/crop/USVIOutflowPoints/${z}/${x}/${y}.grid.json", 
        "data_download": "", 
        "metadata": "", 
        "opacity": 0.5, 
        "vector_color": "", 
        "attribute_event": "click", 
        "description": "", 
        "toc_themes": [
            30
        ], 
        "attribute_fields": [], 
        "vector_fill": null, 
        "data_overview": "", 
        "slug_name": "usvi-sediment-discharge-locations", 
        "summarize_to_grid": false, 
        "lookup_field": "", 
        "legend": "/media/crop/legends/USVIOutflow.png", 
        "shareable_url": true, 
        "data_source": "", 
        "data_notes": "", 
        "name": "USVI Sediment Discharge Locations", 
        "sublayers": [], 
        "url": "http://util.point97.io/tiles/crop/USVIOutflowPoints/${z}/${x}/${y}.png", 
        "proxy_url": false, 
        "arcgis_layers": "", 
        "bookmark": "", 
        "legend_title": "", 
        "attribute_title": "", 
        "utfjsonp": true, 
        "wms_slug": ""
    }
},
{
    "pk": 371, 
    "model": "data_manager.layer", 
    "fields": {
        "layer_type": "checkbox", 
        "themes": [], 
        "is_sublayer": false, 
        "compress_display": false, 
        "map_tiles": "", 
        "legend_subtitle": "", 
        "filterable": false, 
        "vector_graphic": "", 
        "kml": "", 
        "source": "", 
        "lookup_table": [], 
        "proj": "", 
        "utfurl": "", 
        "data_download": "", 
        "metadata": "", 
        "opacity": 0.5, 
        "vector_color": "", 
        "attribute_event": "click", 
        "description": "", 
        "toc_themes": [
            27
        ], 
        "attribute_fields": [], 
        "vector_fill": null, 
        "data_overview": "", 
        "slug_name": "marine-jurisdictions", 
        "summarize_to_grid": false, 
        "lookup_field": "", 
        "legend": "", 
        "shareable_url": true, 
        "data_source": "", 
        "data_notes": "", 
        "name": "Marine Jurisdictions", 
        "sublayers": [
            354, 
            356, 
            357, 
            379, 
            376
        ], 
        "url": "", 
        "proxy_url": false, 
        "arcgis_layers": "", 
        "bookmark": "", 
        "legend_title": "", 
        "attribute_title": "", 
        "utfjsonp": false, 
        "wms_slug": ""
    }
},
{
    "pk": 372, 
    "model": "data_manager.layer", 
    "fields": {
        "layer_type": "XYZ", 
        "themes": [], 
        "is_sublayer": false, 
        "compress_display": false, 
        "map_tiles": "", 
        "legend_subtitle": "", 
        "filterable": false, 
        "vector_graphic": "", 
        "kml": "", 
        "source": "", 
        "lookup_table": [], 
        "proj": "", 
        "utfurl": "http://util.point97.io/tiles/crop/PlanningGrid/${z}/${x}/${y}.grid.json", 
        "data_download": "", 
        "metadata": "", 
        "opacity": 0.5, 
        "vector_color": "", 
        "attribute_event": "click", 
        "description": "", 
        "toc_themes": [
            27
        ], 
        "attribute_fields": [
            144, 
            146, 
            145
        ], 
        "vector_fill": null, 
        "data_overview": "", 
        "slug_name": null, 
        "summarize_to_grid": false, 
        "lookup_field": "", 
        "legend": "/media/crop/legends/pr_moot_planninggrid_750m_2014.png", 
        "shareable_url": true, 
        "data_source": "", 
        "data_notes": "", 
        "name": "Planning Grid", 
        "sublayers": [], 
        "url": "http://util.point97.io/tiles/crop/PlanningGrid/${z}/${x}/${y}.png", 
        "proxy_url": false, 
        "arcgis_layers": "", 
        "bookmark": "", 
        "legend_title": "", 
        "attribute_title": "", 
        "utfjsonp": true, 
        "wms_slug": ""
    }
},
{
    "pk": 373, 
    "model": "data_manager.layer", 
    "fields": {
        "layer_type": "XYZ", 
        "themes": [], 
        "is_sublayer": false, 
        "compress_display": false, 
        "map_tiles": "", 
        "legend_subtitle": "", 
        "filterable": false, 
        "vector_graphic": "", 
        "kml": "", 
        "source": "", 
        "lookup_table": [], 
        "proj": "", 
        "utfurl": "http://util.point97.io/tiles/crop/pr_poli_ANP_2014/${z}/${x}/${y}.grid.json", 
        "data_download": "/media/crop/shapefiles/pr_poli_ANP_2014.zip", 
        "metadata": "/media/crop/metadata/pr_poli_ANP_2014.html", 
        "opacity": 0.5, 
        "vector_color": "", 
        "attribute_event": "click", 
        "description": "", 
        "toc_themes": [
            27
        ], 
        "attribute_fields": [
            136, 
            137, 
            138
        ], 
        "vector_fill": null, 
        "data_overview": "", 
        "slug_name": null, 
        "summarize_to_grid": false, 
        "lookup_field": "", 
        "legend": "/media/crop/legends/pr_poli_ANP_2014.png", 
        "shareable_url": true, 
        "data_source": "", 
        "data_notes": "", 
        "name": "PR Protected Areas", 
        "sublayers": [], 
        "url": "http://util.point97.io/tiles/crop/pr_poli_ANP_2014/${z}/${x}/${y}.png", 
        "proxy_url": false, 
        "arcgis_layers": "", 
        "bookmark": "", 
        "legend_title": "", 
        "attribute_title": "", 
        "utfjsonp": true, 
        "wms_slug": ""
    }
},
{
    "pk": 374, 
    "model": "data_manager.layer", 
    "fields": {
        "layer_type": "XYZ", 
        "themes": [], 
        "is_sublayer": false, 
        "compress_display": false, 
        "map_tiles": "", 
        "legend_subtitle": "", 
        "filterable": false, 
        "vector_graphic": "", 
        "kml": "", 
        "source": "", 
        "lookup_table": [], 
        "proj": "", 
        "utfurl": "http://util.point97.io/tiles/crop/pr_poli_ANP_DRNA_uses_facilities/${z}/${x}/${y}.grid.json", 
        "data_download": "/media/crop/shapefiles/pr_soec_ANP_DRNA_uses_facilities.zip", 
        "metadata": "/media/crop/metadata/pr_poli_ANP_DRNA_uses_facilities.html", 
        "opacity": 0.5, 
        "vector_color": "", 
        "attribute_event": "click", 
        "description": "", 
        "toc_themes": [
            27
        ], 
        "attribute_fields": [
            136, 
            137, 
            138
        ], 
        "vector_fill": null, 
        "data_overview": "", 
        "slug_name": null, 
        "summarize_to_grid": false, 
        "lookup_field": "", 
        "legend": "/media/crop/legends/pr_poli_ANP_DRNA_uses_facilities.png", 
        "shareable_url": true, 
        "data_source": "", 
        "data_notes": "", 
        "name": "PR DRNA Protected Areas with Uses and Facilities", 
        "sublayers": [], 
        "url": "http://util.point97.io/tiles/crop/pr_poli_ANP_DRNA_uses_facilities/${z}/${x}/${y}.png", 
        "proxy_url": false, 
        "arcgis_layers": "", 
        "bookmark": "", 
        "legend_title": "", 
        "attribute_title": "", 
        "utfjsonp": true, 
        "wms_slug": ""
    }
},
{
    "pk": 375, 
    "model": "data_manager.layer", 
    "fields": {
        "layer_type": "XYZ", 
        "themes": [], 
        "is_sublayer": false, 
        "compress_display": false, 
        "map_tiles": "", 
        "legend_subtitle": "", 
        "filterable": false, 
        "vector_graphic": "", 
        "kml": "", 
        "source": "", 
        "lookup_table": [], 
        "proj": "", 
        "utfurl": "http://util.point97.io/tiles/crop/usvi_poli_protectedareas_201403/${z}/${x}/${y}.grid.json", 
        "data_download": "/media/crop/shapefiles/usvi_poli_protectedareas_201403.zip", 
        "metadata": "/media/crop/metadata/usvi_poli_protectedareas_201403.html", 
        "opacity": 0.5, 
        "vector_color": "", 
        "attribute_event": "click", 
        "description": "", 
        "toc_themes": [
            27
        ], 
        "attribute_fields": [
            139, 
            140, 
            141, 
            142
        ], 
        "vector_fill": null, 
        "data_overview": "", 
        "slug_name": null, 
        "summarize_to_grid": false, 
        "lookup_field": "", 
        "legend": "/media/crop/legends/usvi_poli_protectedareas_201403.png", 
        "shareable_url": true, 
        "data_source": "", 
        "data_notes": "", 
        "name": "USVI Protected Areas", 
        "sublayers": [], 
        "url": "http://util.point97.io/tiles/crop/usvi_poli_protectedareas_201403/${z}/${x}/${y}.png", 
        "proxy_url": false, 
        "arcgis_layers": "", 
        "bookmark": "", 
        "legend_title": "", 
        "attribute_title": "", 
        "utfjsonp": true, 
        "wms_slug": ""
    }
},
{
    "pk": 376, 
    "model": "data_manager.layer", 
    "fields": {
        "layer_type": "Vector", 
        "themes": [], 
        "is_sublayer": true, 
        "compress_display": false, 
        "map_tiles": null, 
        "legend_subtitle": "", 
        "filterable": false, 
        "vector_graphic": "", 
        "kml": null, 
        "source": "", 
        "lookup_table": [], 
        "proj": null, 
        "utfurl": "", 
        "data_download": "/media/crop/shapefiles/usvi_poli_3nauticalmiles.zip", 
        "metadata": "/media/crop/metadata/usvi_poli_3nauticalmiles.html", 
        "opacity": 0.5, 
        "vector_color": "#0967E1", 
        "attribute_event": "click", 
        "description": "", 
        "toc_themes": [], 
        "attribute_fields": [], 
        "vector_fill": null, 
        "data_overview": null, 
        "slug_name": "usvi-3-nautical-mile-boundary", 
        "summarize_to_grid": false, 
        "lookup_field": null, 
        "legend": "/media/crop/legends/usvi_poli_3nmlimit.png", 
        "shareable_url": true, 
        "data_source": "", 
        "data_notes": "", 
        "name": "USVI 3 nautical mile boundary", 
        "sublayers": [
            371
        ], 
        "url": "/media/crop/geojson/usvi_poli_3nmlimit.json", 
        "proxy_url": false, 
        "arcgis_layers": "", 
        "bookmark": null, 
        "legend_title": "", 
        "attribute_title": "", 
        "utfjsonp": false, 
        "wms_slug": ""
    }
},
{
    "pk": 379, 
    "model": "data_manager.layer", 
    "fields": {
        "layer_type": "XYZ", 
        "themes": [], 
        "is_sublayer": true, 
        "compress_display": false, 
        "map_tiles": null, 
        "legend_subtitle": "", 
        "filterable": false, 
        "vector_graphic": "", 
        "kml": null, 
        "source": "", 
        "lookup_table": [], 
        "proj": null, 
        "utfurl": "", 
        "data_download": "/media/crop/shapefiles/pr_poli_9nmlimit_2012.zip", 
        "metadata": "/media/crop/metadata/pr_poli_9nmlimit_2012.html", 
        "opacity": 0.5, 
        "vector_color": "", 
        "attribute_event": "click", 
        "description": "", 
        "toc_themes": [], 
        "attribute_fields": [], 
        "vector_fill": null, 
        "data_overview": null, 
        "slug_name": "pr-9-nautical-mile-boundary", 
        "summarize_to_grid": false, 
        "lookup_field": null, 
        "legend": "/media/crop/legends/pr_poli_9nmlimit_2012.png", 
        "shareable_url": true, 
        "data_source": "", 
        "data_notes": "", 
        "name": "PR 9 Nautical Mile Boundary", 
        "sublayers": [
            371
        ], 
        "url": "http://util.point97.io/tiles/crop/pr_poli_9nmlimit_2012/${z}/${x}/${y}.png", 
        "proxy_url": false, 
        "arcgis_layers": "", 
        "bookmark": null, 
        "legend_title": "", 
        "attribute_title": "", 
        "utfjsonp": false, 
        "wms_slug": ""
    }
},
{
    "pk": 380, 
    "model": "data_manager.layer", 
    "fields": {
        "layer_type": "XYZ", 
        "themes": [], 
        "is_sublayer": false, 
        "compress_display": false, 
        "map_tiles": null, 
        "legend_subtitle": "", 
        "filterable": false, 
        "vector_graphic": "", 
        "kml": null, 
        "source": "", 
        "lookup_table": [], 
        "proj": null, 
        "utfurl": "http://util.point97.io/tiles/crop/usvi_poli_apc/${z}/${x}/${y}.grid.json", 
        "data_download": "/media/crop/shapefiles/usvi_poli_apc.zip", 
        "metadata": "/media/crop/metadata/usvi_poli_apc.html", 
        "opacity": 0.5, 
        "vector_color": "", 
        "attribute_event": "click", 
        "description": "", 
        "toc_themes": [
            27
        ], 
        "attribute_fields": [
            147
        ], 
        "vector_fill": null, 
        "data_overview": null, 
        "slug_name": null, 
        "summarize_to_grid": false, 
        "lookup_field": null, 
        "legend": "/media/crop/legends/usvi_poli_apc.png", 
        "shareable_url": true, 
        "data_source": "", 
        "data_notes": "", 
        "name": "USVI Areas of Particular Concern", 
        "sublayers": [], 
        "url": "http://util.point97.io/tiles/crop/usvi_poli_apc/${z}/${x}/${y}.png", 
        "proxy_url": false, 
        "arcgis_layers": "", 
        "bookmark": null, 
        "legend_title": "", 
        "attribute_title": "", 
        "utfjsonp": true, 
        "wms_slug": ""
    }
},
{
    "pk": 381, 
    "model": "data_manager.layer", 
    "fields": {
        "layer_type": "XYZ", 
        "themes": [], 
        "is_sublayer": false, 
        "compress_display": false, 
        "map_tiles": null, 
        "legend_subtitle": "", 
        "filterable": false, 
        "vector_graphic": "", 
        "kml": null, 
        "source": "", 
        "lookup_table": [], 
        "proj": null, 
        "utfurl": "http://util.point97.io/tiles/crop/pr_poli_ape_merge/${z}/${x}/${y}.grid.json", 
        "data_download": "/media/crop/shapefiles/pr_poli_APC_200905.zip", 
        "metadata": "/media/crop/metadata/pr_poli_ape_merge.html", 
        "opacity": 0.8, 
        "vector_color": "", 
        "attribute_event": "click", 
        "description": "", 
        "toc_themes": [
            27
        ], 
        "attribute_fields": [
            148
        ], 
        "vector_fill": null, 
        "data_overview": null, 
        "slug_name": null, 
        "summarize_to_grid": false, 
        "lookup_field": null, 
        "legend": "/media/crop/legends/pr_poli_ape_merge.png", 
        "shareable_url": true, 
        "data_source": "", 
        "data_notes": "", 
        "name": "PR Special Planning Areas", 
        "sublayers": [], 
        "url": "http://util.point97.io/tiles/crop/pr_poli_ape_merge/${z}/${x}/${y}.png", 
        "proxy_url": false, 
        "arcgis_layers": "", 
        "bookmark": null, 
        "legend_title": "", 
        "attribute_title": "", 
        "utfjsonp": true, 
        "wms_slug": ""
    }
},
{
    "pk": 382, 
    "model": "data_manager.layer", 
    "fields": {
        "layer_type": "XYZ", 
        "themes": [], 
        "is_sublayer": false, 
        "compress_display": false, 
        "map_tiles": null, 
        "legend_subtitle": "", 
        "filterable": false, 
        "vector_graphic": "", 
        "kml": null, 
        "source": "", 
        "lookup_table": [], 
        "proj": null, 
        "utfurl": "", 
        "data_download": "/media/crop/shapefiles/usvi_poli_tier1_2009.zip", 
        "metadata": "/media/crop/metadata/usvi_poli_tier1_2009.html", 
        "opacity": 0.8, 
        "vector_color": "", 
        "attribute_event": "click", 
        "description": "", 
        "toc_themes": [
            27
        ], 
        "attribute_fields": [], 
        "vector_fill": null, 
        "data_overview": null, 
        "slug_name": null, 
        "summarize_to_grid": false, 
        "lookup_field": null, 
        "legend": "/media/crop/legends/usvi_poli_tier1_2009.png", 
        "shareable_url": true, 
        "data_source": "", 
        "data_notes": "", 
        "name": "USVI Tier I Lands", 
        "sublayers": [], 
        "url": "http://util.point97.io/tiles/crop/usvi_poli_tier1/${z}/${x}/${y}.png", 
        "proxy_url": false, 
        "arcgis_layers": "", 
        "bookmark": null, 
        "legend_title": "", 
        "attribute_title": "", 
        "utfjsonp": false, 
        "wms_slug": ""
    }
},
{
    "pk": 383, 
    "model": "data_manager.layer", 
    "fields": {
        "layer_type": "XYZ", 
        "themes": [], 
        "is_sublayer": false, 
        "compress_display": false, 
        "map_tiles": null, 
        "legend_subtitle": "", 
        "filterable": false, 
        "vector_graphic": "", 
        "kml": null, 
        "source": "", 
        "lookup_table": [], 
        "proj": null, 
        "utfurl": "", 
        "data_download": "/media/crop/shapefiles/usvi_poli_tier2_2009.zip", 
        "metadata": "/media/crop/metadata/usvi_poli_tier2_2009.html", 
        "opacity": 0.8, 
        "vector_color": "", 
        "attribute_event": "click", 
        "description": "", 
        "toc_themes": [
            27
        ], 
        "attribute_fields": [], 
        "vector_fill": null, 
        "data_overview": null, 
        "slug_name": null, 
        "summarize_to_grid": false, 
        "lookup_field": null, 
        "legend": "/media/crop/legends/usvi_poli_tier2_2009.png", 
        "shareable_url": true, 
        "data_source": "", 
        "data_notes": "", 
        "name": "USVI Tier II Lands", 
        "sublayers": [], 
        "url": "http://util.point97.io/tiles/crop/usvi_poli_tier2/${z}/${x}/${y}.png", 
        "proxy_url": false, 
        "arcgis_layers": "", 
        "bookmark": null, 
        "legend_title": "", 
        "attribute_title": "", 
        "utfjsonp": false, 
        "wms_slug": ""
    }
},
{
    "pk": 384, 
    "model": "data_manager.layer", 
    "fields": {
        "layer_type": "XYZ", 
        "themes": [], 
        "is_sublayer": false, 
        "compress_display": false, 
        "map_tiles": null, 
        "legend_subtitle": "", 
        "filterable": false, 
        "vector_graphic": "", 
        "kml": null, 
        "source": "", 
        "lookup_table": [], 
        "proj": null, 
        "utfurl": "", 
        "data_download": "/media/crop/shapefiles/prusvi_moot_coastline.zip", 
        "metadata": "/media/crop/metadata/prusvi_moot_coastline.html", 
        "opacity": 0.5, 
        "vector_color": "", 
        "attribute_event": "click", 
        "description": "", 
        "toc_themes": [
            32
        ], 
        "attribute_fields": [], 
        "vector_fill": null, 
        "data_overview": null, 
        "slug_name": null, 
        "summarize_to_grid": false, 
        "lookup_field": null, 
        "legend": "/media/crop/legends/prusvi_moot_coastline.png", 
        "shareable_url": true, 
        "data_source": "", 
        "data_notes": "", 
        "name": "PR USVI Coastline", 
        "sublayers": [], 
        "url": "http://util.point97.io/tiles/crop/prusvi_moot_coastline/${z}/${x}/${y}.png", 
        "proxy_url": false, 
        "arcgis_layers": "", 
        "bookmark": null, 
        "legend_title": "", 
        "attribute_title": "", 
        "utfjsonp": false, 
        "wms_slug": ""
    }
},
{
    "pk": 385, 
    "model": "data_manager.layer", 
    "fields": {
        "layer_type": "XYZ", 
        "themes": [], 
        "is_sublayer": false, 
        "compress_display": false, 
        "map_tiles": null, 
        "legend_subtitle": "", 
        "filterable": false, 
        "vector_graphic": "", 
        "kml": null, 
        "source": "", 
        "lookup_table": [], 
        "proj": null, 
        "utfurl": "http://util.point97.io/tiles/crop/pr_poli_ACP_200905/${z}/${x}/${y}.grid.json", 
        "data_download": "/media/crop/shapefiles/pr_poli_APC_200905.zip", 
        "metadata": "/media/crop/metadata/pr_poli_APC_200905.html", 
        "opacity": 0.5, 
        "vector_color": "", 
        "attribute_event": "click", 
        "description": "", 
        "toc_themes": [
            27
        ], 
        "attribute_fields": [
            149
        ], 
        "vector_fill": null, 
        "data_overview": null, 
        "slug_name": null, 
        "summarize_to_grid": false, 
        "lookup_field": null, 
        "legend": "/media/crop/legends/pr_poli_APC_200905.png", 
        "shareable_url": true, 
        "data_source": "", 
        "data_notes": "", 
        "name": "PR Conservation Priority Areas", 
        "sublayers": [], 
        "url": "http://util.point97.io/tiles/crop/pr_poli_ACP_200905/${z}/${x}/${y}.png", 
        "proxy_url": false, 
        "arcgis_layers": "", 
        "bookmark": null, 
        "legend_title": "", 
        "attribute_title": "", 
        "utfjsonp": true, 
        "wms_slug": ""
    }
},
{
    "pk": 136, 
    "model": "data_manager.attributeinfo", 
    "fields": {
        "field_name": "STEW_AREA", 
        "display_name": "Area Name", 
        "precision": null, 
        "order": 1
    }
},
{
    "pk": 137, 
    "model": "data_manager.attributeinfo", 
    "fields": {
        "field_name": "Class", 
        "display_name": "Class", 
        "precision": null, 
        "order": 2
    }
},
{
    "pk": 138, 
    "model": "data_manager.attributeinfo", 
    "fields": {
        "field_name": "Manejo", 
        "display_name": "Managed by", 
        "precision": null, 
        "order": 3
    }
},
{
    "pk": 139, 
    "model": "data_manager.attributeinfo", 
    "fields": {
        "field_name": "AREANAM", 
        "display_name": "Area Name", 
        "precision": null, 
        "order": 1
    }
},
{
    "pk": 140, 
    "model": "data_manager.attributeinfo", 
    "fields": {
        "field_name": "DSGNTN_L", 
        "display_name": "Class", 
        "precision": null, 
        "order": 2
    }
},
{
    "pk": 141, 
    "model": "data_manager.attributeinfo", 
    "fields": {
        "field_name": "AGENCY", 
        "display_name": "Managed by", 
        "precision": null, 
        "order": 3
    }
},
{
    "pk": 142, 
    "model": "data_manager.attributeinfo", 
    "fields": {
        "field_name": "PROTDATE", 
        "display_name": "Protection Date", 
        "precision": null, 
        "order": 4
    }
},
{
    "pk": 143, 
    "model": "data_manager.attributeinfo", 
    "fields": {
        "field_name": "NAME", 
        "display_name": "Area Name", 
        "precision": null, 
        "order": 1
    }
},
{
    "pk": 144, 
    "model": "data_manager.attributeinfo", 
    "fields": {
        "field_name": "Wind_Min", 
        "display_name": "", 
        "precision": null, 
        "order": 1
    }
},
{
    "pk": 145, 
    "model": "data_manager.attributeinfo", 
    "fields": {
        "field_name": "Wind_Max", 
        "display_name": "", 
        "precision": null, 
        "order": 1
    }
},
{
    "pk": 146, 
    "model": "data_manager.attributeinfo", 
    "fields": {
        "field_name": "Wind_Avg", 
        "display_name": "", 
        "precision": null, 
        "order": 1
    }
},
{
    "pk": 147, 
    "model": "data_manager.attributeinfo", 
    "fields": {
        "field_name": "NAME", 
        "display_name": "", 
        "precision": null, 
        "order": 1
    }
},
{
    "pk": 148, 
    "model": "data_manager.attributeinfo", 
    "fields": {
        "field_name": "APE", 
        "display_name": "", 
        "precision": null, 
        "order": 1
    }
},
{
    "pk": 149, 
    "model": "data_manager.attributeinfo", 
    "fields": {
        "field_name": "NOMBRE", 
        "display_name": "", 
        "precision": null, 
        "order": 1
    }
}
]
